강남구,,압구정로 128
강남구,,강남대로158길 21
강남구,,강남대로152길 29
강남구,,강남대로156길 28-1
강남구,,도산대로17길 27
강남구,,압구정로10길 32
강남구,,도산대로19길 39
강남구,,도산대로19길 16
강남구,,압구정로36길22
강남구,,압구정로36길55
강남구,,압구정로50길28
강남구,,논현로154길12
강남구,,도산대로49길11
강남구,,도산대로87길 33
강남구,,도산대로101길 29
강남구,,삼성로135길 42
강남구,,압구정로71길 9
강남구,,선릉로 742
강남구,,학동로21길 54
강남구,,학동로20길 25
강남구,,봉은사로11길 11
강남구,,학동로26길 25
강남구,,학동로25길 27
강남구,,"논현로115길, 18-6"
강남구,,강남대로118길 52
강남구,,논현로115길 28
강남구,,강남대로122길 52
강남구,,학동로12길 43
강남구,,강남대로112길 41
강남구,,논현로113길 4
강남구,,논현로111길 3
강남구,,논현로119길 16
강남구,,논현로115길 20
강남구,,논현로113길 7
강남구,,학동로43길 17
강남구,,선릉로121길 15
강남구,,논현로136길 5-8
강남구,,삼성로112길27
강남구,,영동대로118길29
강남구,,봉은사로105길24
강남구,,봉은사로109길46
강남구,,삼성로120길52
강남구,,영동대로114길41
강남구,,영동대로114길63
강남구,,영동대로114길71-3
강남구,,영동대로118길12
강남구,,영동대로118길67
강남구,,영동대로129길40
강남구,,봉은사로63길 53
강남구,,삼성로51길 10-8
강남구,,삼성로51길 10-14
강남구,,삼성로57길 42
강남구,,삼성로57길 46
강남구,,삼성로57길 50
강남구,,영동대로65길 24
강남구,,역삼로87길 21
강남구,,삼성로70길 15
강남구,,선릉로64길 15
강남구,,도곡로 445
강남구,,대치동 941-16
강남구,,대치동 905
강남구,,삼성로81길 22
강남구,,삼성로75길 24
강남구,,도곡로77길 23
강남구,,삼성로63길 32-18
강남구,,역삼로7길 16
강남구,,봉은사로20길 14
강남구,,역삼동739-15
강남구,,역삼로 117
강남구,,도곡로3길 20-3
강남구,,선릉로107길 19
강남구,,선릉로106길 22
강남구,,언주로103길 11
강남구,,봉은사로44길 76
강남구,,역삼동 663-19
강남구,,논현로94길 29-7
강남구,,논현로97길 30
강남구,,논현로105길 33
강남구,,역삼동 824-10
강남구,,역삼로19길 35
강남구,,도곡로21길 7
강남구,,역삼동 635-68
강남구,,도곡로43길25
강남구,,언주로81길39
강남구,,언주로75길16
강남구,,언주로69길15
강남구,,논현로72길16
강남구,,논현로66길25
강남구,,선릉로69길19
강남구,,남부순환로51길40
강남구,,논현로57길38
강남구,,강남대로58길49
강남구,,강남대로54길20
강남구,,강남대로54길9
강남구,,강남대로54길
강남구,,강남대로48길8
강남구,,남부순환로361길6
강남구,,남부순환로365길16
강남구,,남부순환로363길19
강남구,,남부순환로359길30
강남구,,남부순환로378길 34-9
강남구,,논현로26길 49
강남구,,개포로 303
강남구,,개포로 310
강남구,,언주로 110
강남구,,선릉로8길20
강남구,,선릉로 32
강남구,,선릉로16길 4-8
강남구,,선릉로14길 26
강남구,,개포로 511
강남구,,개포로20길 48
강남구,,논현로4길 28
강남구,,언주로3
강남구,,언주로107
강남구,,개포로31길 31
강남구,,개포로38길 12
강남구,,논현로2길 43
강남구,,일원동 712-3
강남구,,일원동 711
강남구,,개포로 607
강남구,,개포로 619
강남구,,개포로8길 37
강남구,,개포로 지하522
강남구,,일원로 지하2
강남구,,광평로5길 18
강남구,,광평로5길 14
강남구,,광평로7길 16
강남구,,광평로 126
강남구,,광평로 301-4
강남구,,광평로42길 18
강남구,,광평로39길 3
강남구,,광평로51길 49
강남구,,광평로56길 11
강남구,,광평로 303
강남구,,밤고개로1길 52
강남구,,밤고개로 286
강남구,,밤고개로23길 12
강남구,,자곡로7길 3
강남구,,헌릉로571길 46-2
강남구,,밤고개로31길 9
강남구,,밤고개로34길 4
강남구,,율현동 289
강남구,,자곡동 303
강남구,,학동로 426
강서구,,양천로67가길 63
강서구,,공항대로75길 42
강서구,,양천로77길 21
강서구,,공항대로 615
강서구,,공항대로53가길 55
강서구,,공항대로53가길 10
강서구,,등촌로 143
강서구,,등촌로39마길 3
강서구,,화곡로63길 96
강서구,,까치산로 59
강서구,,초록마을로5길 29
강서구,,곰달래로 79
강서구,,강서로31길 48
강서구,,강서로15길 47
강서구,,월정로30길 96
강서구,,강서로33가길 17
강서구,,화곡로15길 18
강서구,,화곡동 1008-32
강서구,,곰달래로57가길 26
강서구,,곰달래로53길 133
강서구,,화곡로 302
강서구,,화곡로 312
강서구,,곰달래로25길 45
강서구,,초록마을로34길 43
강서구,,우현로 67
강서구,,우장산로2길 72
강서구,,강서로47길 54
강서구,,강서로47나길 39
강서구,,허준로 30
강서구,,허준로 93
강서구,,허준로 202
강서구,,송정로 45
강서구,,방화대로 241
강서구,,방화대로 330
강서구,,초원로16길 3-6
강서구,,개화동로23길 26
강서구,,개화동로13길 12-8
강서구,,개화동로5길 9-35
관악구,,봉천로 279-8
관악구,,당곡6길 63
관악구,,봉천로13나길 15
관악구,,봉천로 13다길 8
관악구,,보라매로3길 29
관악구,,보라매로 62
관악구,,보라매로6길 33
관악구,,봉천로23다길 33
관악구,,은천로5길 39
관악구,,양녕로 31
관악구,,봉천로33나길 30
관악구,,국회단지4길 4
관악구,,국회단지21길 14
관악구,,은천로15길 24
관악구,,관악로 285
관악구,,성현로 80
관악구,,은천로33길 5
관악구,,구암5가길 32
관악구,,은천로25길
관악구,,구암길 38
관악구,,관악로 255-7
관악구,,구암길 106
관악구,,관악로37길 15
관악구,,관악로37길 20
관악구,,양녕로16길 53
관악구,,은천로 137
관악구,,관악로 263
관악구,,양녕로6나길 18
관악구,,은천로 34길 24
관악구,,양녕로 6다길 7
관악구,,은천로 174
관악구,,관악로30길 27
관악구,,관악로 304
관악구,,관악로40길 39
관악구,,관악로30길 12
관악구,,행운1길 43
관악구,,행운9길 34
관악구,,청룡15길 30
관악구,,관악로5길 42
관악구,,장군봉7길 12
관악구,,쑥고개로 44
관악구,,청룡동 1531-41
관악구,,청룡동10길 45
관악구,,청룡9길 12-39
관악구,,낙성대로 37
관악구,,관악로 1
관악구,,낙성대로 101
관악구,,낙성대동 1510
관악구,,봉천로 576
관악구,,낙성대로4가길 5
관악구,,인헌12길 46-1
관악구,,남부순환로246가길 20
관악구,,인헌16길 70
관악구,,봉천로 611-1
관악구,,인헌1다길 25
관악구,,인헌9길 35
관악구,,인헌21길
관악구,,남부순환로248길 56
관악구,,인헌12길 46-2
관악구,,남현길 63
관악구,,승방6길 5
관악구,,남현1가길 29
관악구,,승방1길 2
관악구,,남현길 144
관악구,,관천로 24길 3
관악구,,신림동길 14
관악구,,관천로27길 2
관악구,,조원로 151-1
관악구,,신사로 142
관악구,,조원로11길 24
관악구,,조원로13길 15
관악구,,조원로14길 16
관악구,,조원로2길 13
관악구,,조원로16길 27
관악구,,조원로16길 7
관악구,,조원로12길 25
관악구,,조원로13길 36
관악구,,미성길 122
관악구,,미성5길 33
관악구,,미성5길 40
관악구,,난곡로47길 9
관악구,,난곡로 249
관악구,,미성3길 16
관악구,,문성로 74
관악구,,남부순환로 1430
관악구,,신림동 1481-23
관악구,,난곡로52길 16
관악구,,난곡로 167
관악구,,난곡로30길 40
관악구,,난곡동 645-1
관악구,,난곡동 610-298
관악구,,난곡로26나길 37
관악구,,난향길 9
관악구,,난곡로 67
관악구,,난향길 41
관악구,,난곡로 101
관악구,,신림로 282
관악구,,신원로3길 15
관악구,,문성로32길 18
관악구,,남부순환로170길 4
관악구,,신림동 98-402
관악구,,신림로28길 57
관악구,,신림로29길 6
관악구,,신림로29길 8
관악구,,신림로 29길 8
관악구,,서림3길 47
관악구,,복은길 76
관악구,,신림로8길 32
관악구,,신림로 40
관악구,,광신길 160
관악구,,호암로 541
관악구,,양지길 50-5
관악구,,양지길 52-1
관악구,,호암로16길 5
관악구,,호암로16길 11
관악구,,호암로 520
관악구,,호암로 589
관악구,,호암로 519
관악구,,호암로 399
관악구,,호암로 417
관악구,,광신길 86
관악구,,호암로 546
관악구,,대학18길 6
관악구,,신림로3가길 7
관악구,,대학20길 27
관악구,,신림로23길 17
관악구,,신림로3길 40
관악구,,신림로23길 103
관악구,,신림로11길 151
관악구,,신림로 111
강북구,,솔매로7다길 24
강북구,,솔매로17길 6
강북구,,삼양로49길 17
강북구,,솔샘로 243-8
강북구,,인수봉로 39
강북구,,솔샘로 159
강북구,,솔샘로 195
강북구,,솔샘로 177
강북구,,삼양로 264-14
강북구,,삼양로 256
강북구,,솔매로 69
강북구,,삼양로74길 8
강북구,,삼양로41길 69
강북구,,인수봉로 34-8
강북구,,도봉로61길 46
강북구,,솔매로52길 31
강북구,,솔매로49길 14
강북구,,솔매로49길 20
강북구,,도봉로68길 26
강북구,,도봉로 260
강북구,,도봉로76가길 15
강북구,,도봉로76길 52
강북구,,오패산로52사길 3
강북구,,오패산로52사길 47
강북구,,오패산로60길 17-7
강북구,,오패산로60길 21
강북구,,오패산로60길 22
강북구,,도봉로 290
강북구,,도봉로76길 48
강북구,,월계로21가길 41
강북구,,월계로21길 20
강북구,,월계로 61
강북구,,오현로6길 106
강북구,,오패산로30길 30
강북구,,오현로 56
강북구,,오패산로 162
강북구,,오현로 9
강북구,,오현로7길 34
강북구,,도봉로20나길 6
강북구,,도봉로28길 56
강북구,,도봉로34길 54
강북구,,도봉로38길 60
강북구,,오패산로 257
강북구,,오패산로 260
강북구,,솔매로50가길 25
강북구,,오현로 6
강북구,,솔매로50길 65
강북구,,삼양로 184
강북구,,도봉로 157
강북구,,도봉로 117
강북구,,솔샘로67길 62
강북구,,도봉로37길 54
강북구,,도봉로33길 18
강북구,,도봉로29길 52
강북구,,도봉로27길 90
강북구,,솔샘로64길 38
강북구,,도봉로13가길 19
강북구,,숭인로 39
강북구,,숭인로7가길 37
강북구,,숭인로7나길 23
강북구,,삼양로20길 29
강북구,,삼양로16길 25
강북구,,삼양로24길 19
강북구,,솔샘로 284
강북구,,삼양로19길 34
강북구,,솔샘로 174
강북구,,삼양로19길 113
강북구,,삼양로19길 114
강북구,,삼양로19길 25
강북구,,삼양로27길 15
강북구,,삼양로27길 80
강북구,,삼양로27길 95
강북구,,도봉로 374
강북구,,도봉로98길 33
강북구,,덕릉로41길 12
강북구,,한천로124길 14
강북구,,한천로122길 21
강북구,,한천로124나길 10
강북구,,도봉로96가길 26
강북구,,덕릉로41길 74
강북구,,도봉로 328
강북구,,오패산로 406
강북구,,덕릉로40길 74
강북구,,한천로115길 20
강북구,,오현로35길 87
강북구,,오현로31길 89
강북구,,오현로31길 85-7
강북구,,오현로31길 51
강북구,,오현로 207
강북구,,한천로 897
강북구,,오현로21길 84
강북구,,오현로 141
강북구,,오현로 137
강북구,,도봉로78길 62
강북구,,한천로 913
강북구,,오현로 128
강북구,,오현로 134
강북구,,오현로 140
강북구,,오현로 156
강북구,,오현로 186
강북구,,오현로 204
강북구,,오현로 194
강북구,,오현로34길 23-4
강북구,,한천로109길 69
강북구,,오현로 180
강북구,,한천로109길 83
강북구,,한천로109길 53
강북구,,오현로 208
강북구,,한천로109길 10
강북구,,월계로37길 137
강북구,,월계로37길 87-9
강북구,,월계로37길 65
강북구,,한천로105길 24
강북구,,한천로105길 21
강북구,,한천로105길 23
강북구,,월계로 221
강북구,,월계로37길 43
강북구,,화계사길 63
강북구,,인수봉로37길 24
강북구,,인수봉로37길 40
강북구,,인수봉로 127
강북구,,인수봉로28길 10-9
강북구,,삼양로77길 111
강북구,,삼양로 299
강북구,,삼양로80나길 56
강북구,,도봉로77길 6
강북구,,도봉로 261
강북구,,도봉로69길 18
강북구,,삼양로77길 32
강북구,,인수봉로20길 3
강북구,,인수봉로42길 45
강북구,,삼각산로 143-1
강북구,,한천로159길 8
강북구,,한천로 1131
강북구,,삼양로128길20
강북구,,한천로 1117
강북구,,도봉로 313
강북구,,한천로139길 42
강북구,,한천로 150길 67
강북구,,한천로 1064
강북구,,노해로 36
강북구,,삼각산로24길 31
강북구,,수유동 25-1
강북구,,노해로8길 16
강북구,,4.19로1길 37
강북구,,삼양로 658
강북구,,삼양로171길 21
강북구,,삼양로155길 37-9
강북구,,삼양로149길 33
강북구,,삼양로149길 27
강북구,,삼양로149가길 29
강북구,,삼양로139가길 80
강북구,,삼양로149가길 6
강북구,,삼양로139가길 63
강북구,,삼양로139가길 61
강북구,,삼양로139길 49
강북구,,삼양로173길 17
강북구,,4.19로9길 17
강북구,,삼각산로4가길 7
강북구,,삼각산로 43
강북구,,삼각산로 58
강북구,,인수봉로 159
강북구,,삼양로99길 36
강북구,,인수봉로75길 10
강북구,,인수봉로 269
강북구,,인수봉로 255
강북구,,인수봉로72길 4
강북구,,삼양로111길 18-27
강북구,,삼각산로 85
강북구,,삼각산로 109
강북구,,삼양로 97길 1
강북구,,인수봉로55다길 5
강북구,,인수봉로79길 93
강북구,,화계사길 36
강북구,,삼양로111길 18-10
광진구,,아차산로 549
광진구,,아차산로78길 75
광진구,,아차산로 637
광진구,,아차산로78가길 31
광진구,,아차산로 552
광진구,,천호대로143길 8-8
광진구,,아차산로53길 82
광진구,,아차산로 599
광진구,,광장로3길 18-13
광진구,,광장로9길 6
광진구,,광장로7길 31
광진구,,광장로1다길 2
광진구,,광장로1다길 12-3
광진구,,아차산로 546
광진구,,워커힐길32
광진구,,아차산로70길 62
광진구,,광나루로 585
광진구,,아차산로70길 61
광진구,,아차산로70길 17-16
광진구,,아차산로 522
광진구,,아차산로78길 161
광진구,,아차산로 540
광진구,,아차산로69길 19
광진구,,광나루로 579
광진구,,아차산로69길 29
광진구,,천호대로 808
광진구,,광나루로 595
광진구,,아차산로 537-17
광진구,,아차산로 503-23
광진구,,광나루로30길 25
광진구,,광나루로36길 47
광진구,,아차산로 375
광진구,,광나루로36길 67
광진구,,자양로 116
광진구,,광나루로 486
광진구,,자양로 167
광진구,,자양로26길 71
광진구,,영화사로 111
광진구,,워커힐로 93
광진구,,영화사로16길 34
광진구,,자양로48길 50
광진구,,자양로44길 141
광진구,,자양로44길 69
광진구,,자양로42길 40
광진구,,자양로40길 41
광진구,,광나루로37길 24-6
광진구,,자양로41길 20
광진구,,광나루로 545
광진구,,자양로33길 37
광진구,,광나루로54길 14
광진구,,구의강변로 106
광진구,,구의로16길 36
광진구,,아차산로 452
광진구,,아차산로 451
광진구,,구의강변로 42
광진구,,강변역로4길 34
광진구,,강변역로4길 68
광진구,,광나루로56길 8
광진구,,구의강변로3가길 39
광진구,,구의강변로 64
광진구,,구의강변로 94
광진구,,광나루로56길 32
광진구,,광나루로56길 29
광진구,,구의강변로5길 7
광진구,,구의강변로 84
광진구,,아차산로 431
광진구,,군자로 151
광진구,,군자로12길 46
광진구,,동일로52길 27
광진구,,능동로21길 40
광진구,,동일로40길 34
광진구,,군자로 74
광진구,,광나루로389
광진구,,광나루로 441
광진구,,천호대로112길 56
광진구,,천호대로124길 86
광진구,,뚝섬로47길 13
광진구,,자양로13길 37
광진구,,자양로 117
광진구,,자양로 113
광진구,,자양로 109
광진구,,자양로21길 16-14
광진구,,뚝섬로46길 64
광진구,,뚝섬로 610
광진구,,뚝섬로52길 71
광진구,,뚝섬로54길 74
광진구,,뚝섬로52마길 56
광진구,,뚝섬로56길 72
광진구,,뚝섬로56길 7
광진구,,자양로5길 33
광진구,,자양로3길 55
광진구,,자양로3가길 28
광진구,,뚝섬로56가길 10
광진구,,뚝섬로56가길 28
광진구,,자양로3가길 43
광진구,,자양로3길 7
광진구,,자양로3가길 31
광진구,,뚝섬로58길 13
광진구,,뚝섬로62길 24
광진구,,뚝섬로64길 45
광진구,,뚝섬로 718
광진구,,구의강변로 11
광진구,,뚝섬로46길 74
광진구,,구의강변로1길 44
광진구,,뚝섬로 56길 28
광진구,,아차산로 262
광진구,,능동로 42
광진구,,능동로 50
광진구,,뚝섬로33길 42
광진구,,뚝섬로35길 32
광진구,,뚝섬로 561
광진구,,뚝섬로 568
광진구,,뚝섬로 576
광진구,,뚝섬로41길 33
광진구,,뚝섬로 553
광진구,,자양번영로 59
광진구,,뚝섬로 569
광진구,,뚝섬로 587
광진구,,자양번영로3길 27
광진구,,자양번영로1길 57
광진구,,자양번영로1길 31-10
광진구,,뚝섬로34길 9
광진구,,뚝섬로33길 20
광진구,,아차산로36길 39
광진구,,자양번영로3길 66
광진구,,능동로4길 41
광진구,,뚝섬로36길 19
광진구,,뚝섬로34길 32
광진구,,아차산로36길 13
광진구,,뚝섬로34길 25-19
광진구,,능동로4길 78
광진구,,뚝섬로36길 75
광진구,,뚝섬로34길 67
광진구,,능동로4길 38
광진구,,능동로 18
광진구,,자양번영로3길 65
광진구,,뚝섬로40길 45
광진구,,동일로18길 101
광진구,,뚝섬로22길 89
광진구,,능동로3길 53
광진구,,뚝섬로26길 58
광진구,,능동로1길 15
광진구,,뚝섬로31길 27
광진구,,뚝섬로31길 20
광진구,,능동로 19
광진구,,능동로3다길 13
광진구,,능동로3길 17
광진구,,뚝섬로24길 74
광진구,,동일로 354
광진구,,긴고랑로12길 49
광진구,,면목로7길 22
광진구,,긴고랑로17길 10
광진구,,능동로 346
광진구,,용마산로1길 84
광진구,,천호대로113길 10
광진구,,긴고랑로15길 32
광진구,,능동로 415-1
광진구,,능동로 447
광진구,,면목로12길 13
광진구,,긴고랑로1길 55
광진구,,동일로72길 17
광진구,,답십리로76길 12
광진구,,동일로 459
광진구,,동일로76가길 28
광진구,,용마산로24길 13
광진구,,긴고랑로 131
광진구,,긴고랑로 197-1
광진구,,영화사로9가길 13-10
광진구,,영화사로9길 28
광진구,,용마산로8가길 80
광진구,,용마산로22길 26
광진구,,용마산로36길 60
광진구,,용마산로 174
광진구,,능동로13길 39
광진구,,군자로 9
광진구,,광나루로 346
광진구,,동일로 178
광진구,,동일로28길 48
광진구,,능동로17길 39
광진구,,군자로 38
광진구,,동일로24길 5
광진구,,광나루로30길 49
광진구,,능동로16길 56-6
광진구,,광나루로 410
광진구,,광나루로 370
도봉구,,노해로 147
도봉구,,우이천로30길 28
도봉구,,삼양로 556
도봉구,,우이천로32길 67
도봉구,,우이천로34길 9-14
도봉구,,우이천로38가길 32
도봉구,,노해로45길 26
도봉구,,우이천로45길 22-4
도봉구,,노해로41가길 16
도봉구,,삼양로 566
도봉구,,우이천로 367
도봉구,,우이천로48길 21
도봉구,,해등로 337-20
도봉구,,삼양로 580-11
도봉구,,방학로3길 117
도봉구,,도당로 18
도봉구,,도당로 13
도봉구,,해등로 195
도봉구,,해등로 190
도봉구,,도봉로129길 45-12
도봉구,,도당로2길 12-13
도봉구,,도봉로 575
도봉구,,노해로57길 85
도봉구,,도봉로123길 33
도봉구,,노해로44길 9
도봉구,,노해로48길 71
도봉구,,우이천로328
도봉구,,노해로42길 60-3
도봉구,,노해로38길 15
도봉구,,노해로40길 72
도봉구,,우이천로 308
도봉구,,노해로40길 71
도봉구,,노해로 170
도봉구,,시루봉로 62-7
도봉구,,해등로26길 20
도봉구,,해등로25길 41
도봉구,,시루봉로6길 53
도봉구,,해등로 242-11
도봉구,,해등로 242-12
도봉구,,해등로 231
도봉구,,시루봉로 58
도봉구,,해등로25길 36
도봉구,,해등로 241-14
도봉구,,시루봉로2길 62
도봉구,,시루봉로 8
도봉구,,해등로 255
도봉구,,시루봉로 57
도봉구,,방학로2길 27
도봉구,,도당로 116
도봉구,,마들로 616
도봉구,,도당로6길 14-5
도봉구,,마들로 646
도봉구,,도봉로150길 42
도봉구,,도봉로146길 40
도봉구,,도봉로146길 48
도봉구,,도봉로145길 65
도봉구,,마들로 657
도봉구,,도봉로150길 43
도봉구,,도봉로150길 31
도봉구,,도봉로152길 16
도봉구,,도봉로146길36
도봉구,,도봉로150다길 28
도봉구,,도봉로150바길 26
도봉구,,시루봉로 226
도봉구,,시루봉로17길 42
도봉구,,도당로13다길 45
도봉구,,도당로 9길 44-17
도봉구,,도봉로155길 50
도봉구,,시루봉로 94
도봉구,,시루봉로 128
도봉구,,방학로 193
도봉구,,도당로 37
도봉구,,방학로11길 30
도봉구,,방학로 210
도봉구,,방학로 212-11
도봉구,,시루봉로11길 25-8
도봉구,,방학로11길 10
도봉구,,방학로 200
도봉구,,방학로12길 53
도봉구,,시루봉로5길 38
도봉구,,해등로 286-5
도봉구,,해등로 305
도봉구,,방학로15길 26
도봉구,,방학로15길 40
도봉구,,시루봉로 67
도봉구,,시루봉로 166
도봉구,,방학로11길 33
도봉구,,해등로 46
도봉구,,해등로 32
도봉구,,해등로 50
도봉구,,덕릉로315
도봉구,,덕릉로 349
도봉구,,덕릉로 329
도봉구,,노해로66길 21
도봉구,,도봉로116길 41
도봉구,,도봉로114길 22-8
도봉구,,덕릉로 371
도봉구,,해등로 81
도봉구,,덕릉로59길 73-3
도봉구,,우이천로20길 7
도봉구,,도봉로110다길 5
도봉구,,도봉로110다길 51
도봉구,,덕릉로63가길 43
도봉구,,우이천로 200
도봉구,,덕릉로 283
도봉구,,도봉로106길 22
도봉구,,우이천로20길 6
도봉구,,덕릉로59차길 37
도봉구,,덕릉로62길 89
도봉구,,덕릉로60바길 21
도봉구,,덕릉로62길 13
도봉구,,덕릉로60카길 12
도봉구,,우이천로4라길 11-4
도봉구,,덕릉로60길 164-13
도봉구,,노해로 390
도봉구,,노해로70길 46
도봉구,,노해로70길 12
도봉구,,노해로70길 19
도봉구,,덕릉로66길17
도봉구,,노해로70길126
도봉구,,마들로16길56
도봉구,,마들로 551
도봉구,,노해로69길 103
도봉구,,도봉로136길 111
도봉구,,노해로69가길 54
도봉구,,노해로69길 132
도봉구,,마들로 579-19
도봉구,,노해로 403
도봉구,,도봉로136나길 20
도봉구,,노해로63다길 34
도봉구,,도봉로136가길 73
도봉구,,해등로 118
도봉구,,노해로63가길 7
도봉구,,해등로 113
도봉구,,해등로12길 44
도봉구,,도봉로 642-30
도봉구,,해등로16길 12
도봉구,,도봉로136나길 40
도봉구,,도봉로136길 28
도봉구,,노해로63길 67
도봉구,,해등로 139
도봉구,,도봉로169나길 22
도봉구,,도봉산길 35
도봉구,,도봉로 851
도봉구,,도봉산길 27
도봉구,,도봉로165길 28-8
도봉구,,마들로 668
도봉구,,마들로 859
도봉구,,마들로 684-20
도봉구,,도봉로162길 12-9
도봉구,,마들로 835
도봉구,,마들로 735-8
도봉구,,도봉로180길 6-23
도봉구,,도봉로180길 77
도봉구,,도봉로180길 50
도봉구,,도봉로180길 6-83
도봉구,,마들로 770
도봉구,,도봉로180길 83-14
도봉구,,도봉로180가길 32
도봉구,,도봉로170길40
도봉구,,노해로 179
도봉구,,우이천로 360
도봉구,,삼양로146길 17
도봉구,,도봉로129길 50
도봉구,,도봉로129길 54
도봉구,,도봉로 601
도봉구,,도봉로137길 31
도봉구,,도봉로125길 55
도봉구,,도당로 7
도봉구,,방학로 32-28
도봉구,,도봉로 666
도봉구,,시루봉로 173
도봉구,,방학로 247-21
도봉구,,시루봉로 156
도봉구,,도봉로110길 25
도봉구,,덕릉로63길 46
도봉구,,우이천로 120
도봉구,,덕릉로60길 93
도봉구,,마들로13길 166
도봉구,,노해로70길 95
도봉구,,해등로16길 81
도봉구,,도봉로 552
도봉구,,노해로 313
도봉구,,노해로65길 4
도봉구,,도봉로 905
도봉구,,마들로 859-44
도봉구,,마들로 671
도봉구,,마들로 747
동대문구,,천호대로133
동대문구,,무학로133
동대문구,,천호대로2길23-9
동대문구,,무학로26길16
동대문구,,왕산로81
동대문구,,천호대로25길81
동대문구,,왕산로60-1
동대문구,,왕산로16길47
동대문구,,정릉천동로58
동대문구,,정릉천동로16
동대문구,,약령시로71
동대문구,,약령시로154
동대문구,,정릉천동로90
동대문구,,정릉천동로100
동대문구,,홍릉로15길50
동대문구,,고산자로518
동대문구,,전농로21길52
동대문구,,전농로25길17-8
동대문구,,서울시립대로75
동대문구,,서울시립대로31
동대문구,,사가정로98
동대문구,,전농로31길33
동대문구,,서울시립대로9길21
동대문구,,사가정로193
동대문구,,전농로16길61
동대문구,,사가정로13길71
동대문구,,사가정로13길67
동대문구,,전농로20길31
동대문구,,전농로172
동대문구,,서울시립대로163
동대문구,,사가정로137
동대문구,,답십리로130
동대문구,,전농로3길23
동대문구,,전농로3길62
동대문구,,전농로53
동대문구,,전농로3길78-18
동대문구,,전농로79-20
동대문구,,답십리로141
동대문구,,사가정로 30
동대문구,,답십리로41길33
동대문구,,전농로9길7-1
동대문구,,황물로15길25
동대문구,,천호대로177
동대문구,,답십리동 463-1
동대문구,,답십리로 130
동대문구,,한천로11길18
동대문구,,전농로10길20
동대문구,,답십리로184
동대문구,,답십리로56길21
동대문구,,한천로11길 10-1
동대문구,,답십리로210-30
동대문구,,답십리로60길38
동대문구,,답십리로59길33
동대문구,,답십리로59길7
동대문구,,한천로37길33
동대문구,,장안벚꽃로107
동대문구,,장한로14길81
동대문구,,한천로6길21
동대문구,,장한로14길61
동대문구,,답십리로72길158
동대문구,,천호대로77길79
동대문구,,천호대로77가길27
동대문구,,천호대로79길70
동대문구,,천호대로77다길11-6
동대문구,,한천로18길52
동대문구,,사가정로230-1
동대문구,,장한로26다길84
동대문구,,답십리로69길27
동대문구,,장한로26다길12
동대문구,,장안벚꽃로167
동대문구,,장안벚꽃로1길7
동대문구,,장안벚꽃로201
동대문구,,장한로28가길44
동대문구,,홍릉로10길48
동대문구,,회기로25길12-1
동대문구,,이문로1길21
동대문구,,외대역동로6길3
동대문구,,한천로248
동대문구,,한천로300
동대문구,,망우로28
동대문구,,외대역동로114-1
동대문구,,이문로9길52
동대문구,,이문로114
동대문구,,휘경로17길13-5
동대문구,,회기로25길67
동대문구,,휘경로2길25
동대문구,,한천로58길107
동대문구,,한천로58길47
동작구,,노량진로 148
동작구,,노량진로32길 10
동작구,,매봉로 158
동작구,,만양로 14바길 24
동작구,,만양로8길 50
동작구,,만양로 19
동작구,,만양로 36
동작구,,만양로 84
동작구,,장승배기로16길 134
동작구,,만양로12가길 69
동작구,,노량진로 24길 2
동작구,,매봉로134
동작구,,노량진로23가길 16
동작구,,매봉로 99
동작구,,노량진로22길 60
동작구,,장승배기로 160
동작구,,매봉로 123
동작구,,노량진로23가길 23
동작구,,노량진로26길 16-40
동작구,,장승배기로 28길 30
동작구,,만양로 26
동작구,,장승배기로18길 27
동작구,,장승배기로19길 48
동작구,,장승배기로 161
동작구,,등용로4길 76
동작구,,상도로 68길 32
동작구,,사당로2길 2-19
동작구,,상도로 407
동작구,,상도로 421
동작구,,상도로60길 20
동작구,,사당로2길 2-32
동작구,,상도로 320
동작구,,양녕로 287
동작구,,상도로55길 47
동작구,,상도로53길 70
동작구,,상도로53길 8
동작구,,상도로53길 9
동작구,,상도로41가길 3
동작구,,상도로47바길 40
동작구,,강남초등길15
동작구,,강남초등길3
동작구,,상도로55길 25
동작구,,상도로 346-1
동작구,,상도로 346-2
동작구,,양녕로 259
동작구,,장승배기로10길 100
동작구,,장승배기로10가길 25
동작구,,장승배기로11가길 11
동작구,,상도로211
동작구,,상도로30길 73
동작구,,상도로15길 131
동작구,,상도로15바길 5
동작구,,장승배기로 26
동작구,,등용로 37
동작구,,장승배기로4길 9
동작구,,상도로31길 19
동작구,,상도로34길 42
동작구,,상도로30길 40
동작구,,상도로207
동작구,,장승배기로 14
동작구,,상도로34나길 12
동작구,,상도로30길 39
동작구,,만양로 6
동작구,,국사봉1길221-10
동작구,,국사봉길111
동작구,,성대로2길11
동작구,,상도로107
동작구,,국사봉길178
동작구,,국사봉길175
동작구,,양녕로23길 125
동작구,,양녕로26길 11
동작구,,성대로29길 53
동작구,,양녕로27길 41
동작구,,양녕로30길 25
동작구,,양녕로 177
동작구,,성대로12길 15
동작구,,성대로 92
동작구,,양녕로23길 32
동작구,,양녕로23길 67
동작구,,양녕로23길 43
동작구,,양녕로26나길 8
동작구,,양녕로23길 9
동작구,,양녕로 170
동작구,,동작대로17길 28
동작구,,동작대로13길 9
동작구,,사당로26길 130-6
동작구,,남부순환로269길 79
동작구,,남부순환로259길 10
동작구,,사당로20길 119
동작구,,사당로20길 132
동작구,,남부순환로257가길13
동작구,,현충로 174
동작구,,동작대로39길 22
동작구,,동작대로29길 110
동작구,,동작대로29길 115
동작구,,동작대로29길 119
동작구,,동작대로29길 91
동작구,,동작대로29길 52
동작구,,동작대로29길 81
동작구,,동작대로29길 195
동작구,,동작대로29길 69
동작구,,동작대로29길 63-24
동작구,,동작대로27다길 26
동작구,,동작대로39가길 5
동작구,,동작대로35사길 2
동작구,,동작대로39가길 83
동작구,,동작대로 171
동작구,,동작대로29길 214
동작구,,사당로 13길 31
동작구,,사당로27길 190
동작구,,사당로23바길 9
동작구,,사당로9가길 82
동작구,,사당로 165
동작구,,사당로9가길 55
동작구,,사당로27길 181
동작구,,사당로27길 130
동작구,,사당로 17길 86
동작구,,사당로 17길 8
동작구,,사당로17길 52
동작구,,사당로23길 57-14
동작구,,사당로23길185
동작구,,사당로9가길 58
동작구,,사당로23길 112
동작구,,사당로16아길 43
동작구,,남부순환로255길 21
동작구,,사당로20나길 57
동작구,,사당로16길 96
동작구,,사당로16아길 6
동작구,,사당로16길 125
동작구,,남부순환로 269길 166
동작구,,사당로16라길 27
동작구,,사당로2가길188
동작구,,사당로2가길102
동작구,,사당로2가길139
동작구,,사당로2가길173
동작구,,사당로2길40
동작구,,솔밭로65
동작구,,사당로2자길131
동작구,,사당로2가길219
동작구,,사당로8길68
동작구,,솔밭로57
동작구,,사당로10길48
동작구,,사당로16다길 57
동작구,,등용로8길 5
동작구,,등용로4길 81-22
동작구,,노량진로 26
동작구,,알마타길 16
동작구,,알마타길 6
동작구,,대방동2길 36
동작구,,대방동15길 29
동작구,,대방동1길 22
동작구,,등용로 123
동작구,,등용로14길 34
동작구,,등용로14길 40
동작구,,등용로8길 3
동작구,,여의대방로44길 9
동작구,,여의대방로44길 10
동작구,,여의대방로44길 20
동작구,,노량진로 40
동작구,,여의대방로44길 47
동작구,,여의대방로62길 15
동작구,,여의대방로62길 23
동작구,,알마타길 58
동작구,,알마타길 53
동작구,,알마타길 37
동작구,,여의대방로24다길 40
동작구,,여의대방로62길 8
동작구,,여의대방로54길 6
동작구,,여의대방로54길 39
동작구,,여의대방로10길 24
동작구,,여의대방로 22
동작구,,여의대방로 8
동작구,,신대방길 72
동작구,,신대방2길 23
동작구,,신대방14가길 23
동작구,,신대방2길 14
동작구,,신대방1길 71
동작구,,여의대방로 28
동작구,,여의대방로10길 14
동작구,,신대방길85
동작구,,여의대방로10길 38
동작구,,신대방1나길 45
동작구,,여의대방로10길 100
동작구,,신대방1가길 38
동작구,,여의대방로24길 106
동작구,,여의대방로22아길 22
동작구,,여의대방로16길 1
동작구,,보라매로5길 23
동작구,,보라매로5길 35
동작구,,보라매로5가길 16
동작구,,보라매로5가길 7
동작구,,여의대방로16길 61
동작구,,여의대방로10길 13
동작구,,보라매로 83
동작구,,여의대방로22길 24
동작구,,여의대방로10길 59
동작구,,보라매로 70
동작구,,보라매로5길 51
동작구,,서달로 159
동작구,,현충로 119
동작구,,흑석한강로 12
동작구,,서달로 91
동작구,,흑석한강로 27
동작구,,현충로 151
동작구,,서달로2길 29
동작구,,서달로1길 17
동작구,,서달로 83
동작구,,서달로150
동작구,,흑석로13마길 30
동작구,,흑석로5길 9
동작구,,흑석한강로 11
동작구,,현충로10길 42
동작구,,현충로 105
동작구,,현충로 111
동작구,,서달로10길 64
마포구,,마포대로20길26
마포구,,만리재옛길84
마포구,,마포대로10길22
마포구,,만리재옛길25
마포구,,만리재옛길30
마포구,,백범로199
마포구,,백범로239
마포구,,백범로37길12
마포구,,백범로230
마포구,,만리재로60
마포구,,만리재로14길27
마포구,,만리재로74
마포구,,마포대로196
마포구,,마포대로208
마포구,,마포대로262
마포구,,환일길 7
마포구,,환일길 30
마포구,,백범로205
마포구,,백범로212
마포구,,손기정로6길 3
마포구,,마포대로16나길 30
마포구,,마포대로14길25
마포구,,만리재옛길68-3
마포구,,만리재로16길20-5
마포구,,환일길42
마포구,,임정로19길14
마포구,,마포대로7길22
마포구,,마포대로11길50
마포구,,마포대로173-15
마포구,,마포대로11길84
마포구,,마포대로11길73
마포구,,마포대로115-8
마포구,,마포대로7길18
마포구,,마포대로19길8
마포구,,마포대로183-16
마포구,,마포대로 195
마포구,,마포대로4길 18
마포구,,삼개로 33
마포구,,도화길 28
마포구,,도화길 37
마포구,,새창로8길 72
마포구,,새창로4길 12
마포구,,새창로6다길 18
마포구,,새창로 52
마포구,,마포대로4라길 30
마포구,,마포대로4나길 50
마포구,,마포대로4길 90
마포구,,마포대로4다길 18
마포구,,마포대로4길 122
마포구,,마포대로4다길 27
마포구,,도화4길 41
마포구,,용강동 381
마포구,,마포대로 33
마포구,,토정로32길 6
마포구,,토정로32길 11
마포구,,큰우물로 26
마포구,,토정로31길31
마포구,,독막로 266
마포구,,마포대로 53
마포구,,토정로37길 46
마포구,,큰우물로 75
마포구,,큰우물로 76
마포구,,마포대로 73
마포구,,독막로 320
마포구,,독막로 324
마포구,,마포대로 1길 46
마포구,,토정로31길 24
마포구,,토정로31길 23
마포구,,대흥로4길22
마포구,,신촌로 170
마포구,,신촌로 162
마포구,,신촌로26길 10
마포구,,고산길 54
마포구,,고산2길 34-67
마포구,,고산2길 50
마포구,,백범로4길 21
마포구,,백범로 82
마포구,,백범로 18
마포구,,백범로10길 22
마포구,,서강대길 40
마포구,,대흥로110
마포구,,백범로17길 7
마포구,,대흥로 145
마포구,,고산18길 13
마포구,,신촌로26길10
마포구,,독막로 295
마포구,,독막로289
마포구,,숭문길106
마포구,,숭문길14
마포구,,백범로25길 63
마포구,,백범로25길 83
마포구,,숭문길 98
마포구,,독막로 192
마포구,,독막로28길 7
마포구,,신수로 102
마포구,,신수로 107
마포구,,대흥로9안길21
마포구,,신수로3길3-13
마포구,,독막로29길 30
마포구,,신수로 25-12
마포구,,독막로28길 46
마포구,,독막로24길25
마포구,,독막로18길 5
마포구,,와우산로 13
마포구,,토정로 136-11
마포구,,독막로 100
마포구,,토정로 158
마포구,,토정로 167
마포구,,창전로45
마포구,,창전로 63
마포구,,서강로 68
마포구,,서강로 83
마포구,,와우산로30길 54
마포구,,와우산로30길 135
마포구,,서강로9길 45
마포구,,서강로9길 19
마포구,,서강로 97
마포구,,서강로 95
마포구,,독막로 145
마포구,,와우산로 150-2
마포구,,독막로20나길 21
마포구,,독막로107
마포구,,독막로 20나길 22
마포구,,토정로 93
마포구,,서강로 36
마포구,,독막로165
마포구,,신촌로6길 5
마포구,,월드컵로 74
마포구,,월드컵북로5나길 18
마포구,,월드컵로10길 56
마포구,,동교로 120
마포구,,홍익로5길65
마포구,,양화로11길 21
마포구,,어울마당로 51-1
마포구,,홍익로 10
마포구,,양화로 156
마포구,,와우산로33길 26-7
마포구,,서강로119
마포구,,홍익로10
마포구,,월드컵북로2길 65
마포구,,월드컵북로4길 54
마포구,,동교로 158
마포구,,성지1길 32-13
마포구,,토정로4길 27
마포구,,토정로2길 27
마포구,,토정로2길 6-12
마포구,,독막로8길 32
마포구,,토정로5길 9
마포구,,어울마당로11
마포구,,토정로67
마포구,,희우정로 41
마포구,,동교로8길 58
마포구,,희우정로15
마포구,,양화로26
마포구,,양화로3길 94
마포구,,동교로16-18
마포구,,월드컵북로4길54
마포구,,포은로2가길 29
마포구,,독막로4길 17
마포구,,성지1길10-8
마포구,,포은로6길10
마포구,,포은로8길8
마포구,,망원로88
마포구,,월드컵로15길53
마포구,,월드컵로11길35
마포구,,동교로75
마포구,,망원로2길103
마포구,,희우정로20길53
마포구,,망원로4길38
마포구,,망원로4길8
마포구,,동교로3길125
마포구,,동교로3길115
마포구,,동교로3길79
마포구,,동교로3길67
마포구,,동교로1길48
마포구,,망원로11길35
마포구,,망원로11길38
마포구,,망원로11길73
마포구,,방울내로5길49
마포구,,방울내로11길43
마포구,,방울내로9안길57
마포구,,방울내로43
마포구,,방울내로36
마포구,,방울내로31
마포구,,월드컵로31길89
마포구,,월드컵로31길107
마포구,,방울내로7길11
마포구,,방울내로5길28
마포구,,방울내로11길38
마포구,,방울내로9안길86
마포구,,방울내로11길157
마포구,,방울내로11길147
마포구,,망원로1길27
마포구,,월드컵로29길113
마포구,,망원로3길30
마포구,,망원동 429-4
마포구,,방울내로19
마포구,,성미산로29길 17-9
마포구,,성미산로29길 17-3
마포구,,동교로51길17
마포구,,동교로 282
마포구,,동교로51길51
마포구,,성미산로29길 45
마포구,,동교로39길11
마포구,,연남로30
마포구,,연남로3길 80
마포구,,성미산로19길8
마포구,,연남로7길38
마포구,,연남로7길10
마포구,,연남로67
마포구,,성산로2길 21
마포구,,성산로2길 55
마포구,,월드컵로30길 12
마포구,,월드컵로26길 52
마포구,,성미산로7안길 40
마포구,,월드컵로30가길 27
마포구,,월드컵로30길 34
마포구,,월드컵북로12길 106
마포구,,연남로13길 21
마포구,,월드컵북로18길 13
마포구,,월드컵북로12안길 34
마포구,,월드컵북로12길 27
마포구,,성미산로11길 36
마포구,,성미산로 51
마포구,,성미산로3길 67
마포구,,성산로4길 75
마포구,,월드컵북로15길 37
마포구,,성산로4길 15
마포구,,월드컵북로30길 22
마포구,,새터산길 25
마포구,,월드컵로 207
마포구,,월드컵북로 233
마포구,,월드컵북로38길 21
마포구,,성암로7길 3
마포구,,성암로5길 12
마포구,,성암로1길 12
마포구,,모래내로9길 6
마포구,,월드컵북로 152
마포구,,월드컵북로30길 13
마포구,,월드컵북로 216
마포구,,모래내로3길 2
마포구,,월드컵로 190
마포구,,성암로11길 60
마포구,,월드컵북로38길 53
마포구,,월드컵북로38가길 20
마포구,,월드컵북로38길 26
마포구,,성암로 91
마포구,,성암로7길 14
마포구,,모래내로9길 30
마포구,,새터산14안길 13
마포구,,월드컵북로 197
마포구,,성암로9안길 25
마포구,,성암로1길22
마포구,,월드컵북로 502-7
마포구,,월드컵북로 502-37
마포구,,월드컵북로 502-36
마포구,,월드컵북로 501
마포구,,월드컵로42길 12
마포구,,상암산로1길92
마포구,,상암산로1길57
마포구,,상암산로1길52
마포구,,상암산로1길24
마포구,,월드컵로338
마포구,,월드컵북로47길 46
마포구,,월드컵북로 47길8
마포구,,월드컵북로42가길11
마포구,,월드컵북로43길11
마포구,,월드컵북로 502-14
마포구,,매봉산로2길16
마포구,,월드컵북로48길38
마포구,,상암동 1619
마포구,,월드컵북로 375
마포구,,월드컵북로 361
마포구,,월드컵북로 353
서대문구,,가재울미래로 2
서대문구,,모래내로15길 37
서대문구,,수색로6길 43
서대문구,,가재울로 45
서대문구,,가재울로4길 48
서대문구,,거북골로 101-11
서대문구,,거북골로 120
서대문구,,명지대1라길 24-4
서대문구,,증가로 191
서대문구,,증가로10길 28
서대문구,,수색로 100
서대문구,,수색로 100-55
서대문구,,수색로 102
서대문구,,수색로 147-1
서대문구,,수색로 154
서대문구,,응암로 28
서대문구,,응암로 33
서대문구,,거북골로 154
서대문구,,거북골로14길 32
서대문구,,거북골로18가길 23
서대문구,,거북골로22길 29-51
서대문구,,은가어린이공원
서대문구,,응암로 121
서대문구,,응암로 54
서대문구,,응암로1길 10
서대문구,,증가로 193
서대문구,,증가로 200-8
서대문구,,증가로20길 43
서대문구,,증가로24나길 60
서대문구,,증가로30길 8
서대문구,,북아현로 24
서대문구,,북아현로 40
서대문구,,북아현로3길 24
서대문구,,북아현로4길 8
서대문구,,북아현로4자길 15
서대문구,,북아현로6길 78
서대문구,,신촌로35길 10
서대문구,,신촌로37길 58
서대문구,,이화여대8길 62
서대문구,,신촌로231
서대문구,,명물길26
서대문구,,봉원사길 13
서대문구,,성산로 520
서대문구,,성산로 560
서대문구,,신촌로 189
서대문구,,연대동문길 29
서대문구,,연대동문길162
서대문구,,이화여대길 50-12
서대문구,,이화여대길 92-8
서대문구,,봉원사길 162
서대문구,,동교로 291
서대문구,,모래내로 412
서대문구,,모래내로20길 39
서대문구,,성산로 371
서대문구,,성산로7길 11
서대문구,,연희로 158
서대문구,,연희로 189
서대문구,,연희로 242
서대문구,,연희로 248
서대문구,,연희로 38-20
서대문구,,연희로 64-14
서대문구,,연희로 82
서대문구,,연희로10길 48
서대문구,,연희로14길 57
서대문구,,연희로20길 13
서대문구,,연희로24길 9-72
서대문구,,연희로25길 101
서대문구,,연희로26가길 33
서대문구,,연희로28길 35-28
서대문구,,연희로28길 35-7
서대문구,,연희로32길 129
서대문구,,연희로32길 20
서대문구,,연희로32길 48
서대문구,,연희로32길 51
서대문구,,연희로33길 36-1
서대문구,,연희로36길 26
서대문구,,연희로36길 27
서대문구,,증가로 13-10
서대문구,,증가로 61
서대문구,,홍제천로2길 83
서대문구,,연희로 32길 19
서대문구,,홍제천로2길 22
서대문구,,연희로233
서대문구,,독립문공원길 13
서대문구,,독립문공원길 17
서대문구,,독립문로 10
서대문구,,독립문로12나길 2
서대문구,,독립문로14길 64-6
서대문구,,독립문로14길 74
서대문구,,독립문로8길 107
서대문구,,독립문로8길 27
서대문구,,성산로 694
서대문구,,통일로 251
서대문구,,통일로 279-75
서대문구,,경기대로 26-7
서대문구,,경기대로 40
서대문구,,북아현로22길 38
서대문구,,충정로 53
서대문구,,충정로6길 27
서대문구,,충정로7길 30
서대문구,,충정로7길 9
서대문구,,통일로 97
서대문구,,충정로7길 12
서대문구,,세검정로1길 35
서대문구,,세검정로1길 93
서대문구,,세검정로1길 95
서대문구,,통일로 484
서대문구,,통일로48가길 37
서대문구,,통일로48나길 32
서대문구,,포방터10길 33
서대문구,,포방터길 154
서대문구,,홍은중앙로 125
서대문구,,홍은중앙로 13
서대문구,,홍은중앙로 149
서대문구,,홍은중앙로 156
서대문구,,홍은중앙로 81
서대문구,,홍은중앙로 85
서대문구,,홍은중앙로1길 33
서대문구,,홍지문2길 43
서대문구,,가좌로 123
서대문구,,가좌로 65
서대문구,,가좌로2길 60
서대문구,,명지2길 32-20
서대문구,,명지2길 37
서대문구,,명지길 48
서대문구,,명지대길 104
서대문구,,모래내로 309
서대문구,,모래내로 319
서대문구,,모래내로 334
서대문구,,백련사길 39
서대문구,,연희로 377
서대문구,,연희로39길 12
서대문구,,연희로39나길 2
서대문구,,연희로41길 114
서대문구,,연희로41길 142
서대문구,,연희로41길 167
서대문구,,연희로41길 173
서대문구,,연희로41나길 1
서대문구,,통일로 553
서대문구,,통일로 555
서대문구,,모래내로 430
서대문구,,모래내로 441
서대문구,,모래내로 453
서대문구,,모래내로 455
서대문구,,통일로 319
서대문구,,통일로 357
서대문구,,통일로 397
서대문구,,통일로25길 30
서대문구,,통일로27길 15-1
서대문구,,통일로35길 31
서대문구,,통일로37길 30
서대문구,,통일로37길 60
서대문구,,통일로37나길 12-6
서대문구,,통일로37다길 18-5
서대문구,,통일로39가길 57
서대문구,,통일로39길 114
서대문구,,통일로39길 25
서대문구,,통일로39길 38-17
서대문구,,홍제내2길 67
서대문구,,홍제내2길 14
서대문구,,홍제내길 168
서대문구,,홍제내길 174
서대문구,,통일로 332
서대문구,,통일로 344
서대문구,,통일로 348
서대문구,,통일로26길 17
서대문구,,통일로32길 14
서대문구,,통일로32길 3
서대문구,,통일로34길 27
서대문구,,통일로34길 43
서대문구,,통일로34길 46
서대문구,,홍제원6안길 7
서대문구,,문화촌길 6-37
서대문구,,세검정로 134
서대문구,,세검정로3길 63
서대문구,,세검정로4길 32
서대문구,,세검정로4길 91
서대문구,,세무서2길 64
서대문구,,세무서8길 49
서대문구,,세무서길 106-12
서대문구,,세무서길 39
서대문구,,세무서길 97
서초구,,사임당로 89
서초구,,남부순환로337가길 52
서초구,,효령로68길 9-2
서초구,,효령로68길 33
서초구,,효령로68길 81
서초구,,서초중앙로2길 41
서초구,,서초중앙로 14
서초구,,서초중앙로 26
서초구,,서리풀4길 43
서초구,,사임당로10길 39
서초구,,사임당로17길 116
서초구,,사임당로23길 53
서초구,,서초대로64길 36
서초구,,사임당로17길 90
서초구,,사임당로17길 80
서초구,,사임당로23길 58
서초구,,사임당로 105
서초구,,사임당로19길 10
서초구,,서초대로58길 10
서초구,,서초중앙로 18
서초구,,서초중앙로22길 25
서초구,,서초중앙로 110
서초구,,서초대로70길 51
서초구,,서초대로74길 30
서초구,,강남대로53길 11
서초구,,사임당로 151
서초구,,사임당로 137
서초구,,사임당로 130
서초구,,효령로77길 20
서초구,,효령로72길 57
서초구,,효령로74길 56
서초구,,효령로74길 57
서초구,,강남대로47길 30
서초구,,서초대로74길 23
서초구,,서운로 122
서초구,,서운로 138
서초구,,반포대로 8길 11-9
서초구,,명달로10
서초구,,명달로112
서초구,,명달로33
서초구,,명달로6길 31
서초구,,효령로49길 57
서초구,,명달로4길 30
서초구,,명달로20
서초구,,반포대로21길 67
서초구,,반포대로21길 74
서초구,,반포대로5길 65
서초구,,효령로 237
서초구,,서초대로46길 62
서초구,,반포대로5길 43
서초구,,서초대로40길 72
서초구,,남부순환로323길 38-15
서초구,,반포대로 122
서초구,,서초중앙로 15
서초구,,반포대로4길 24
서초구,,명달로 97-14
서초구,,반포대로 58
서초구,,명달로 91
서초구,,효령로53길 45
서초구,,반포대로14길 71
서초구,,남부순환로2343-10
서초구,,서초대로 240
서초구,,효령로197
서초구,,명달로 38
서초구,,남부순환로 323길 56-18
서초구,,반포대로23길 71
서초구,,명달로6길 24
서초구,,남부순환로315길 46
서초구,,서초동 1488-4
서초구,,서운로 26길3
서초구,,서초대로55길 13
서초구,,서운로21길2
서초구,,서초중앙로 200
서초구,,서초중앙로24길 43
서초구,,사평대로56길 7
서초구,,서초대로65길 13-10
서초구,,고무래로 94
서초구,,서초중앙로 188
서초구,,서운로 200
서초구,,서초대로 385
서초구,,서운로 221
서초구,,강남대로61길 23
서초구,,서운로 194
서초구,,나루터로 38
서초구,,잠원로 213-10
서초구,,잠원로 157
서초구,,신반포로33길 71
서초구,,신반포로33길 66
서초구,,신반포로33길 64
서초구,,잠원로4길 33-9
서초구,,잠원로14길 3
서초구,,잠원로14길 23
서초구,,잠원로12길 4
서초구,,잠원로 204
서초구,,잠원로14길 41
서초구,,잠원로 166-4
서초구,,잠원로 166-17
서초구,,잠원로 150
서초구,,잠원로8길 3
서초구,,잠원로 136
서초구,,잠원로8길 20
서초구,,나루터로4길 60
서초구,,나루터로 46
서초구,,신반포로 261
서초구,,신반포로41길 69
서초구,,신반포로41길 55
서초구,,강남대로95길 56
서초구,,신반포로45길 23
서초구,,신반포로45길 71
서초구,,잠원동 30-10
서초구,,강남대로109길 102
서초구,,신반포로45길 29-12
서초구,,나루터로 15
서초구,,강남대로107길 24
서초구,,잠원로14길 54
서초구,,잠원로 8길 35
서초구,,잠원로14길 32
서초구,,신반포로 10
서초구,,신반포로 32
서초구,,신반포로 9
서초구,,신반포로 45
서초구,,신반포로 55-4
서초구,,사평대로 273
서초구,,강남대로83길 55
서초구,,반포동 720
서초구,,신반포로270
서초구,,신반포로15길16
서초구,,신반포로15길19
서초구,,반포대로 275
서초구,,신반포로16길15-20
서초구,,신반포로15길 4
서초구,,신반포로19길 26
서초구,,신반포로23길 78
서초구,,신반포로23길 41
서초구,,잠원로 37-48
서초구,,잠원로 88
서초구,,잠원로 85
서초구,,신반포로33길 15
서초구,,잠원로3길 20
서초구,,잠원로3길 6
서초구,,나루터로4길 70-5
서초구,,잠원로 86
서초구,,신반포로23길 30
서초구,,잠원로3길 8
서초구,,반포대로 310
서초구,,잠원로 46-38
서초구,,잠원로 117
서초구,,사평대로28길 70
서초구,,서래로10길 26
서초구,,사평대로28길 31
서초구,,사평대로 154
서초구,,동광로32길 7
서초구,,사평대로20길 76
서초구,,사평대로16길 20
서초구,,사평대로12길 19
서초구,,반포동 53-1
서초구,,반포동 60-4
서초구,,반포동 60-5
서초구,,반포동 46
서초구,,동광로19길 38
서초구,,방배로39길 42
서초구,,사평대로6길 44
서초구,,방배로43길 21
서초구,,방배동 758-4
서초구,,방배로 270
서초구,,방배로 278
서초구,,동광로1길 112
서초구,,동광로3길 18
서초구,,방배로 43길 5
서초구,,방배로43길 2
서초구,,동광로 89-5
서초구,,방배중앙로 207-10
서초구,,방배중앙로21길 55
서초구,,효령로29길 43
서초구,,방배로11길 35
서초구,,서초대로 156
서초구,,서초대로34길 34
서초구,,방배로18길 103
서초구,,방배로18길 67
서초구,,효령로33길 66-31
서초구,,효령로33길 50
서초구,,방배로19길 67
서초구,,방배로13길 62
서초구,,서초대로26길 19
서초구,,청두곶길 36
서초구,,과천대로 946
서초구,,전원말안길 2
서초구,,청두곶길 14
서초구,,방배선행길 2
서초구,,도구로 73
서초구,,방배천로 92
서초구,,도구로1길 33
서초구,,도구로 45-7
서초구,,도구로 79
서초구,,효령로 71
서초구,,방배천로 11
서초구,,방배로 40
서초구,,효령로 164
서초구,,효령로34길 79
서초구,,남부순환로 2311-12
서초구,,방배로2길 24-6
서초구,,방배로 14
서초구,,방배로 63
서초구,,방배로1길 9
서초구,,남부순환로 2248
서초구,,남부순환로 2183
서초구,,효령로2길 101
서초구,,남부순환로297다길 17
서초구,,방배동 530-42
서초구,,효령로14다길 21
서초구,,효령로 72
서초구,,효령로 84
서초구,,효령로26길 15
서초구,,남부순환로287길 17-4
서초구,,방배로 173
서초구,,서초대로1길 30
서초구,,서초대로33길 22
서초구,,서초대로1길 34
서초구,,방배로28길 90
서초구,,방배로26길 71 앞
서초구,,서초대로1길 2
서초구,,서초대로 17
서초구,,방배로33길 29
서초구,,방배로28길 63
서초구,,방배로26길 41
서초구,,서초대로7길 25
서초구,,동광로10길 27-8
서초구,,동작대로 112
서초구,,서초대로 3-4
서초구,,동광로18길 16
서초구,,바우뫼로 41
서초구,,바우뫼로 33
서초구,,바우뫼로7길 51
서초구,,바우뫼로7길 27
서초구,,바우뫼로7길 11
서초구,,바우뫼로 53
서초구,,바우뫼로 91
서초구,,바우뫼로18길 20
서초구,,남부순환로 2610
서초구,,양재천로23길 16
서초구,,바우뫼로21길 34
서초구,,양재동 9-29
서초구,,남부순환로356길 100
서초구,,양재동 66-4
서초구,,우면동 211
서초구,,양재대로2길 34
서초구,,양재대로2길 33
서초구,,형촌길 35
서초구,,형촌길 15
서초구,,태봉로2길 60
서초구,,태봉로2길 5
서초구,,태봉로2길 30
서초구,,태봉로2길 10
서초구,,양재대로2길 109
서초구,,우면산로 369
서초구,,강남대로12길 44
서초구,,양재동 390
서초구,,양재동 298
서초구,,양재동 357
서초구,,매헌로16길 40
서초구,,청계산로15길 77
서초구,,염곡말길 9
서초구,,헌릉로8길 58
서초구,,헌릉로8길 45
서초구,,헌릉로8길 22
서초구,,헌릉로8길 10-12
서초구,,청계산로7길 43
서초구,,청계산로9길 1-12
서초구,,청계산로11길 7-12
성동구,,마장로 137
성동구,,무학로 33
성동구,,무학로 50
성동구,,무학로6길 50
성동구,,무학로12길 11
성동구,,무학로8길 8
성동구,,왕십리로 410
성동구,,무학봉길 69
성동구,,난계로100
성동구,,왕십리로31나길 18
성동구,,왕십리로31길 20
성동구,,무학봉길 76
성동구,,무학봉길 49
성동구,,난계로 73
성동구,,난계로 84
성동구,,무학봉길 35
성동구,,난계로 114-31
성동구,,마조로16길 37
성동구,,마장로42길 16
성동구,,마장로35길 104
성동구,,마조로15가길 23
성동구,,마장로39길 43
성동구,,마장로 262
성동구,,마조로15가길 12
성동구,,마조로16길 3-8
성동구,,마조로 57
성동구,,마장로 271
성동구,,살곶이길 50
성동구,,마장로37길 7
성동구,,청계천로 546
성동구,,마장로46길 14
성동구,,청계천로10나길 38
성동구,,사근동길 37
성동구,,살곶이길 176
성동구,,사근동길 65
성동구,,왕십리로 241
성동구,,사근동11다길 32
성동구,,고산자로10길 18
성동구,,왕십리광장로 9
성동구,,고산자로 164
성동구,,고산자로2길 65
성동구,,왕십리로 280
성동구,,행당로9길 9
성동구,,고산자로 177
성동구,,고산자로 175
성동구,,행당로 79
성동구,,행당로8길 8
성동구,,행당로 99
성동구,,독서당로 441
성동구,,행당로 82
성동구,,독서당로 424
성동구,,독서당로 377
성동구,,독서당로 431
성동구,,고산자로 160
성동구,,고산자로4길 34
성동구,,독서당로 375
성동구,,금호로 100
성동구,,독서당로 343
성동구,,금호로140
성동구,,행당로 31
성동구,,무수막18길 1
성동구,,금호로13길 28
성동구,,금호산길 16
성동구,,금호산2길 53
성동구,,금호산2길 16
성동구,,독서당로46길 26
성동구,,매봉길 24
성동구,,동호로 93
성동구,,동호로 84
성동구,,금호로 15
성동구,,금호로 17
성동구,,독서당로 270
성동구,,독서당로 272
성동구,,독서당로 344
성동구,,금호로3길 10
성동구,,독서당로40길 25
성동구,,독서당로 191
성동구,,독서당로 175
성동구,,독서당로 156
성동구,,독서당로 218
성동구,,한림말길 50
성동구,,독서당로 242
성동구,,뚝섬로3길 18
성동구,,뚝섬로5길 17
성동구,,둘레길 21
성동구,,왕십리로 36
성동구,,뚝섬로310
성동구,,뚝섬로311
성동구,,뚝섬로1길 4
성동구,,왕십리로 66-15
성동구,,왕십리로 80
성동구,,뚝섬로3길 6
성동구,,왕십리로 58
성동구,,왕십리로5길3
성동구,,상원6길18
성동구,,서울숲길25
성동구,,상원1길17
성동구,,상원길63
성동구,,상원길75
성동구,,상원길76
성동구,,상원12길 15
성동구,,상원6길 16
성동구,,성수일로11길9
성동구,,상원길42
성동구,,광나루로190
성동구,,뚝섬로 385-19
성동구,,성수일로4길 26
성동구,,뚝섬로13길 11
성동구,,뚝섬로 436
성동구,,뚝섬로 434
성동구,,둘레19길 5
성동구,,둘레15길 7
성동구,,성수이로 3
성동구,,둘레11길 1
성동구,,성수이로 118
성동구,,성수이로18길31
성동구,,광나루로2길 35
성동구,,성수이로 137
성동구,,연무장길 31
성동구,,광나루로6길 7-1
성동구,,성수일로10길 3
성동구,,아차산로9길 34
성동구,,동일로 143
성동구,,동일로43길 13
성동구,,송정14길 19
성동구,,송정12길 2
성동구,,송정길 92
성동구,,동일로 237
성동구,,동일로 263
성동구,,용답중앙23길 20
성동구,,용답중앙27길 10
성동구,,용답29길 29
송파구,,천호대로152길 7
송파구,,한가람로 446
송파구,,한가람로 478
송파구,,한가람로 468
송파구,,풍성로15길 10
송파구,,풍성로25나길 16-1
송파구,,토성로 64
송파구,,토성로 38-6
송파구,,올림픽로 525
송파구,,풍성로24길 26
송파구,,풍성로24길 38
송파구,,풍성로6가길 7
송파구,,올림픽로47길 9
송파구,,강동대로9길 8
송파구,,풍성로6길 10
송파구,,풍성로26길 31
송파구,,한가람로 414
송파구,,풍성로22길 35
송파구,,풍성로26길 22
송파구,,풍성로14길 19
송파구,,오금로53길 32
송파구,,오금로54길 10
송파구,,거마로 41
송파구,,오금로56길 16
송파구,,오금로56길 28
송파구,,양산로 15
송파구,,거마로9길 19
송파구,,거마로2길 19
송파구,,양산로8길 8
송파구,,양산로8길 24
송파구,,양산로2길 44
송파구,,양산로4길 8
송파구,,양산로4길 16
송파구,,양산로2길 38
송파구,,오금로61길 20
송파구,,오금로62길 10
송파구,,마천로 303
송파구,,마천로57길 16
송파구,,성내천로37길 37
송파구,,성내천로47길 38
송파구,,마천로65길 12
송파구,,성내천로 264-1
송파구,,성내천로43길 6
송파구,,마천동277-52
송파구,,성내천로 314
송파구,,마천로 287
송파구,,성내천로33가길 2
송파구,,성내천로23길 12
송파구,,성내천로 236
송파구,,성내천로 245
송파구,,마천로 237
송파구,,성내천로 211
송파구,,마천로35길 18
송파구,,위례성대로16길 22
송파구,,양재대로 1109
송파구,,양재대로 1089
송파구,,위례성대로12길 25
송파구,,백제고분로 495
송파구,,위례성대로8길 28
송파구,,양재대로 1218
송파구,,중대로25길 5
송파구,,오금로35길 17
송파구,,오금로 407
송파구,,마천로7길 4
송파구,,양재대로72길 15
송파구,,성내천로6길 1
송파구,,동남로 272
송파구,,양재대로72길 42
송파구,,문정로 197
송파구,,오금로 405
송파구,,중대로 293
송파구,,동남로24길 6
송파구,,백제고분로 392
송파구,,송파대로48길 29
송파구,,가락로 187
송파구,,석촌호수로 298
송파구,,석촌호수로 268
송파구,,석촌호수로 284
송파구,,송파대로48길 28
송파구,,송이로 32
송파구,,오금로 252
송파구,,오금로32길 31
송파구,,가락로 192
송파구,,오금로32길 14
송파구,,오금로32길 10
송파구,,송이로12길 11
송파구,,송이로 27-1
송파구,,오금로32길 42
송파구,,송이로12길 24
송파구,,148-2
송파구,,송이로2길 20
송파구,,송이로 50
송파구,,송파대로49길 3
송파구,,백제고분로37길 16
송파구,,백제고분로 348
송파구,,백제고분로 236
송파구,,백제고분로22길 37
송파구,,송파대로28길 39
송파구,,송파대로32길 15
송파구,,송파대로32길 8
송파구,,송이로 166
송파구,,송이로15길 31
송파구,,송이로 88
송파구,,송파대로32길 33
송파구,,송파대로 220
송파구,,송이로19길 8
송파구,,중대로 121
송파구,,송이로17길 10
송파구,,양재대로 925
송파구,,서울 송파구 송파대로 345
송파구,,중대로20길 6
송파구,,동남로18길 40
송파구,,오금로 432
송파구,,동남로 208
송파구,,동남로 225
송파구,,동남로 169
송파구,,오금로44길 47
송파구,,오금로42길 15
송파구,,문정로13길 7 가락동동구햇살아파트건너
송파구,,동남로 116
송파구,,동남로 160
송파구,,송파대로16길 12
송파구,,송파대로20길 28
송파구,,문정로 55
송파구,,송이로32길 37
송파구,,문정로 83
송파구,,문정로5길 13
송파구,,송이로34길 26
송파구,,송파대로22길 18
송파구,,중대로 24
송파구,,송파대로 111
송파구,,새말로19길 6
송파구,,송이로31길 52
송파구,,새말로8길 12
송파구,,송이로 257
송파구,,송파대로8길 58
송파구,,송파대로8길 42
송파구,,송파대로8길 10
송파구,,충민로 152
송파구,,송파대로8길 17
송파구,,송이로31길 66
송파구,,새말로10길 3-16
송파구,,새말로15길 9
송파구,,위례광장로 210
송파구,,위례광장로 120
송파구,,위례광장로 163
송파구,,위례광장로 121
송파구,,위례광장로 136
송파구,,위례광장로 270
송파구,,위례광장로 230
송파구,,위례광장로 170
송파구,,위례광장로 290
송파구,,위례광장로 215
송파구,,백제고분로15길 9
송파구,,백제고분로18길 26
송파구,,백제고분로18길 20-36
송파구,,올림픽로 99
송파구,,올림픽로 135
송파구,,잠실로 51-31
송파구,,송파대로 567
송파구,,올림픽로 212
송파구,,잠실로 88
송파구,,잠실로 62
송파구,,올림픽로 397
송파구,,올림픽로 435
송파구,,올림픽로 145
송파구,,올림픽로35길 104
송파구,,올림픽로35길 94
송파구,,올림픽로 269
송파구,,올림픽로35가길 11
송파구,,올림픽로4길 15
송파구,,올림픽로4길 17
송파구,,올림픽로4길 48
송파구,,올림픽로4길 40
송파구,,올림픽로 44
양천구,목동 404-13,
양천구,목동 404-3,
양천구,목동 405,
양천구,목동 405-208,
양천구,목동 405-472,
양천구,목동 808-5,
양천구,목동 808-9,
양천구,목동 914,
양천구,목동 916,
양천구,목동 917,
양천구,목동 918,
양천구,목동 919-3,
양천구,목동 923-15,
양천구,목동 925,
양천구,목동 925-3,
양천구,목동 926-7,
양천구,목동 926-8,
양천구,목동 927,
양천구,목동 927-4,
양천구,목동 927-6,
양천구,목동 930,
양천구,목동 931,
양천구,목동 530-6,
양천구,목동 200,
양천구,목동 231-87,
양천구,목동 517,
양천구,목동 502-1,
양천구,목동 502-7,
양천구,목동 539-4,
양천구,목동 541,
양천구,목동 551,
양천구,목동 552,
양천구,목동 750-5,
양천구,목동 752-1,
양천구,목동 751-4,
양천구,목동 928,
양천구,목동 937,
양천구,목동 949,
양천구,목동 953,
양천구,목동 954,
양천구,목동 955,
양천구,목동 959,
양천구,목동 617-12,
양천구,목동 646-23,
양천구,목동 709-3,
양천구,목동 716-9,
양천구,목동 717-28,
양천구,목동 960,
양천구,목동 721-2,
양천구,목동 722-5,
양천구,목동 724-2,
양천구,목동 725-10,
양천구,목동 727-28,
양천구,목동 736-4,
양천구,목동 739-5,
양천구,목동 739-1,
양천구,목동 748-7,
양천구,목동 753-1,
양천구,목동 755-1,
양천구,목동 756-17,
양천구,목동 758-2,
양천구,목동 763-1,
양천구,목동 768-5,
양천구,목동 769-19,
양천구,목동 771-31,
양천구,목동 772-11,
양천구,목동 772-7,
양천구,목동 806-17,
양천구,목동 904-19,
양천구,목동 944,
양천구,목동 948,
양천구,목동 957,
양천구,목동 958,
양천구,목동 902,
양천구,목동 904,
양천구,목동 905-22,
양천구,목동 907-12,
양천구,목동 907-14,
양천구,목동 908-32,
양천구,목동 907,
양천구,목동 907-4,
양천구,목동 907-10,
양천구,목동 907-23,
양천구,목동 908,
양천구,목동 908-28,
양천구,목동 908-34,
양천구,목동 909,
양천구,목동 909-5,
양천구,목동 911,
양천구,목동 911-2,
양천구,목동 912,
양천구,신월동 1032,
양천구,신월동 110-1,
양천구,신월동 119,
양천구,신월동 1043,
양천구,신월동 125,
양천구,신월동 127-1,
양천구,신월동 128,
양천구,신월동 134-17,
양천구,신월동 135-18,
양천구,신월동 139-1,
양천구,신월동 145-9,
양천구,신월동 217-2,
양천구,신월동 217-8,
양천구,신월동 218-12,
양천구,신월동 222-7,
양천구,신월동 235-7,
양천구,신월동 1020,
양천구,신월동 1029,
양천구,신월동 1030,
양천구,신월동 1047,
양천구,신월동 1037,
양천구,신월동 1040,
양천구,신월동 1052,
양천구,신월동 447-3,
양천구,신월동 465-6,
양천구,신월동 475,
양천구,신월동 478-19,
양천구,신월동 483-11,
양천구,신월동 491-1,
양천구,신월동 506-1,
양천구,신월동 507-3,
양천구,신월동 1056,
양천구,신월동 607-1,
양천구,신월동 610-3,
양천구,신월동 1049,
양천구,신월동 167-5,
양천구,신월동 201-15,
양천구,신월동 207-24,
양천구,신월동 43-3,
양천구,신월동 36-1,
양천구,신월동 1016,
양천구,신월동 1017,
양천구,신월동 1026,
양천구,신월동 1027,
양천구,신월동 1034,
양천구,신월동 1041,
양천구,신월동 1042,
양천구,신월동 1044,
양천구,신월동 1046,
양천구,신월동 1048,
양천구,신월동 1051,
양천구,신월동 418-4,
양천구,신월동 425-2,
양천구,신월동 426-3,
양천구,신월동 429-1,
양천구,신월동 441,
양천구,신월동 514-3,
양천구,신월동 529-2,
양천구,신월동 533-1,
양천구,신월동 538-6,
양천구,신월동 540-1,
양천구,신월동 542,
양천구,신월동 547-6,
양천구,신월동 547-9,
양천구,신월동 1025,
양천구,신월동 1031,
양천구,신월동 1036,
양천구,신월동 1-37,
양천구,신월동 18-17,
양천구,신월동 27-13,
양천구,신월동 6-7,
양천구,신월동 1060,
양천구,신월동 1023,
양천구,신월동 1022,
양천구,신월동 1028,
양천구,신월동 1076,
양천구,신월동 1077,
양천구,신월동 1078,
양천구,신월동 591-1,
양천구,신월동 1003-4,
양천구,신월동 1012-2,
양천구,신월동 331-101,
양천구,신월동 350-2,
양천구,신월동 962-10,
양천구,신월동 987-2,
양천구,신월동 341-1,
양천구,신정동 1051-11,
양천구,신정동 310,
양천구,신정동 311,
양천구,신정동 311-20,
양천구,신정동 312,
양천구,신정동 87-39,
양천구,신정동 329-9,
양천구,신정동 333,
양천구,신정동 334,
양천구,신정동 335,
양천구,신정동 336,
양천구,신정동 339,
양천구,신정동 340,
양천구,신정동 1252,
양천구,신정동 1278,
양천구,신정동 1297,
양천구,신정동 1300,
양천구,신정동 1307,
양천구,신정동 1309,
양천구,신정동 1148-4,
양천구,신정동 1195,
양천구,신정동 1263,
양천구,신정동 1321,
양천구,신정동 1219-1,
양천구,신정동 1283,
양천구,신정동 1285,
양천구,신정동 1259,
양천구,신정동 1273,
양천구,신정동 743-2,
양천구,신정동 1293,
양천구,신정동 1294,
양천구,신정동 1291,
양천구,신정동 733,
양천구,신정동 1289-2,
양천구,신정동 1290-4,
양천구,신정동 1192-1,
양천구,신정동 729,
양천구,신정동 1284,
양천구,신정동 1315,
양천구,신정동 1254,
양천구,신정동 1000-18,
양천구,신정동 876-1,
양천구,신정동 1007-11,
양천구,신정동 915-2,
양천구,신정동 921-11,
양천구,신정동 923-31,
양천구,신정동 957-9,
양천구,신정동 962-18,
양천구,신정동 948-24,
양천구,신정동 938-5,
양천구,신정동 992-1,
양천구,신정동 318-1,
양천구,신정동 318-19,
양천구,신정동 318-5,
양천구,신정동 318-6,
양천구,신정동 319,
양천구,신정동 322,
양천구,신정동 327,
양천구,신정동 318-10,
양천구,신정동 318-12,
양천구,신정동 1306,
양천구,신정동 325,
양천구,신정동 325-1,
양천구,신정동 323-10,
양천구,신정동 324,
양천구,신정동 324-10,
양천구,신정동 325-3,
양천구,신정동 330-13,
양천구,신정동 338,
양천구,신정동 1314,
양천구,신정동 323-23,
양천구,신정동 201-1,
양천구,목동 932,
양천구,목동 933,
양천구,목동 934,
양천구,목동 935,
양천구,목동 936,
양천구,목동 940,
양천구,목동 947,
양천구,목동 961,
양천구,목동 961-1,
양천구,목동 962,
양천구,목동 962-2,
양천구,목동 962-3,
양천구,목동 950,
양천구,목동 709-5,
양천구,목동 711-1,
양천구,목동 956,
양천구,목동 943,
양천구,목동 941,
양천구,목동 951,
양천구,목동 952,
양천구,목동 901,
양천구,목동 791-22,
양천구,목동 901-1,
양천구,목동 903,
양천구,목동 913,
양천구,목동 929,
양천구,신월동 1055,
양천구,신월동 1063,
양천구,신월동 197-2,
양천구,신월동 416-1,
양천구,신월동 1039,
양천구,신월동 1057,
양천구,신월동 1057-1,
양천구,신월동 1-35,
양천구,신월동 1053,
양천구,신월동 1050,
양천구,신월동 350-3,
양천구,신정동 1323,
양천구,신정동 1279,
양천구,신정동 1279-1,
양천구,신정동 1278-1,
양천구,신정동 1296,
양천구,신정동 1320-8,
양천구,신정동 326,
양천구,신정동 170-27,
양천구,신정동 170-5,
양천구,신정동 171-31,
양천구,신정동 1322,
양천구,신정동 1316,
양천구,신정동 1317,
양천구,신정동 1318,
양천구,신정동 1198-3,
양천구,신정동 1198-23,
양천구,신정동 1310,
양천구,신정동 1311,
양천구,신정동 1282,
양천구,신정동 1281,
양천구,신정동 1258,
양천구,신정동 1276,
양천구,신정동 1277,
양천구,신정동 1303,
양천구,신정동 1324,
양천구,신정동 314,
양천구,신정동 330,
양천구,신정동 329,
양천구,신정동 331,
양천구,신정동 332,
양천구,신정동 1295,
양천구,신정동 276,
양천구,신정동 324-7,
양천구,신정동 324-8,
양천구,신정동 330-11,
양천구,신정동 337,
양천구,신정동 337-2,
양천구,신정동 1175-28,
양천구,신정동 1218-1,
양천구,신정동 330-3,
영등포구,,신길로61길 17
영등포구,,영등포동647-3
영등포구,,신길로62길 35
영등포구,,영등포로62가길6-16
영등포구,,신길로60길34
영등포구,,도신로65길 3-2
영등포구,,영신로9나길 16
영등포구,,영등포로62길 34
영등포구,,영등포로 60길
영등포구,,영등포로 60길 17
영등포구,,국회대로44길 7
영등포구,,영등포로33길9-1
영등포구,,영등포로34길12
영등포구,,영등포로 35길 15
영등포구,,영중로27길 3
영등포구,,국회대로 53길 28-7
영등포구,,도신로15다길 33
영등포구,,도림로113길
영등포구,,도신로 165
영등포구,,도신로15다길10
영등포구,,도신로 25길 4
영등포구,,영등포로 20길 20
영등포구,,양산로3길 9
영등포구,,양평로 30가길 28
영등포구,,양평로 20길 8-1
영등포구,,양평로28라길2
영등포구,,영등포로84길36
영등포구,,도신로 56나길 2
영등포구,,여의대방로55길22-1
영등포구,,여의대방로47다길16-9
영등포구,,신길로41다길 4
영등포구,,신길로41길 28-5
영등포구,,가마산로51길6
영등포구,,가마산로49길2
영등포구,,가마산로 61다길 9
영등포구,,가마산로63길25
영등포구,,가마산로69가길 17
영등포구,,신길로39길 28
영등포구,,가마산로48길 26
영등포구,,도림로63길1
영등포구,,신길로15길9
영등포구,,가마산로 50길
영등포구,,신길로8길7
영등포구,,신길로 16길 9-1
영등포구,,대방천로12길9
영등포구,,신길로8길9-15
영등포구,,대방천로 182
영등포구,,대림로106
영등포구,,디지털로 38길 16-15
영등포구,,대림2동 702
영등포구,,디지털로 38길 8-8
영등포구,,가마산로47길 13
영등포구,,도림로39길 21
영등포구,,도림로39길7-2
영등포구,,도림로31길 28
영등포구,,대림로31나길10
영등포구,,대림로39길 23
영등포구,,영등포로53길 22
영등포구,,국제금융로 124
영등포구,,양산로23길 11
영등포구,,당산로41가길 7
영등포구,,도영로7길 10
영등포구,,문래로28길 15
영등포구,,영등포로11길 12
영등포구,,선유로47길 30
영등포구,,영등포로84길 24-5
영등포구,,신길로41라길 13-8
영등포구,,신길로42길 1
영등포구,,도림로 264
영등포구,,대방천로 169
영등포구,,여의대방로43길 10
영등포구,,디지털로 441
영등포구,,대림로23길 25
영등포구,,대림로 197
은평구,,갈현로 23길 41
은평구,,서오릉로 20길 5-10
은평구,,서오릉로 258
은평구,,연서로 149
은평구,,갈현로 192
은평구,,연서로 17길 20-11
은평구,,통일로 83길 17-7
은평구,,연서로29길 31
은평구,,서오릉로20길 19
은평구,,갈현로29길 51-24
은평구,,갈현로29길 27
은평구,,갈현로 301
은평구,,갈현로 45길 57
은평구,,갈현로 33길 24
은평구,,갈현로 29길 61
은평구,,갈현로 29길 62
은평구,,갈현로 29길 52
은평구,,갈현로29길 11
은평구,,연서로27길 31-6
은평구,,서오릉로23길 9-8
은평구,,서오릉로21길 36
은평구,,서오릉로21길 48
은평구,,서오릉로21길 47
은평구,,갈현로15길 53
은평구,,갈현로15길 27-1
은평구,,갈현로17길 17
은평구,,갈현로95
은평구,,갈현로11길 30
은평구,,갈현로 7길 56
은평구,,갈현로 11길 46
은평구,,서오릉로15길 16
은평구,,연서로 117
은평구,,갈현로15길 51
은평구,,갈현로15길 20-23
은평구,,갈현로17나길 12-1
은평구,,갈현로17길 10
은평구,,응암로 366
은평구,,응암로 376
은평구,,서오릉로 4길 7-8
은평구,,녹번로 16
은평구,,녹번로 40
은평구,,통일로 627
은평구,,통일로 586
은평구,,통일로 586-19
은평구,,통일로 610
은평구,,통일로 630
은평구,,통일로 660
은평구,,녹번로1길 1
은평구,,은평로 239
은평구,,통일로 650
은평구,,은평로 195
은평구,,통일로 795-1
은평구,,연서로18길 17
은평구,,통일로69길 12-15
은평구,,통일로 793
은평구,,연서로20길 24-3
은평구,,통일로 780
은평구,,통일로 796
은평구,,통일로 78가길 13-84
은평구,,불광로 153
은평구,,불광로 146
은평구,,불광로 129-1
은평구,,불광로 122-10
은평구,,불광로 98-8
은평구,,불광로 2길 27
은평구,,불광로 6길 20
은평구,,불광로 65
은평구,,불광로 2길 16
은평구,,볼광로 2길 33
은평구,,불광로 2길 46
은평구,,진흥로 267
은평구,,불광로 51
은평구,,불광로14길 10-10
은평구,,진흥로15길 10
은평구,,통일로 856
은평구,,통일로 82길 44
은평구,,불광로 208
은평구,,불광로 20길 12-9
은평구,,연서로 34길 11
은평구,,불광로 170
은평구,,연서로 347
은평구,,연서로34길 22
은평구,,연서로35길 37
은평구,,불광로 180
은평구,,연서로33길 16-32
은평구,,연서로41길 30
은평구,,통일로92가길 33
은평구,,연서로41길 16
은평구,,은평터널로60
은평구,,은평터널로48
은평구,,수색로217
은평구,,수색로217-1
은평구,,수색로195
은평구,,수색로16길 21
은평구,,수색로 280
은평구,,갈현로3다길 15
은평구,,갈현로1길 31
은평구,,가좌로12길 15
은평구,,가좌로12길 12
은평구,,가좌로11길 29-2
은평구,,가좌로342
은평구,,갈현로4길 26-5
은평구,,은평로3길 10
은평구,,증산로21길 11
은평구,,갈현로4길 26-2
은평구,,은평로2길 2
은평구,,가좌로391
은평구,,은평터널로167
은평구,,은평터널로163
은평구,,은평터널로164
은평구,,은평터널로7길 2
은평구,,은평터널로143-5
은평구,,은평터널로121-6
은평구,,은평터널로65
은평구,,증산로15길 67-7
은평구,,증산로15길 50
은평구,,증산로15길69-14
은평구,,은평터널로 150
은평구,,가좌로 275-2
은평구,,가좌로 361
은평구,,가좌로 400
은평구,,증산로15길 61
은평구,,은평터널로7길 6
은평구,,증산로15길 47
은평구,,갈현로 3나길 23
은평구,,역말로 14
은평구,,갈현로 108
은평구,,진흥로1길 11
은평구,,은평로3길 25
은평구,,연서로 59
은평구,,은평로 91
은평구,,은평로 82
은평구,,응암로 319
은평구,,응암로 295
은평구,,은평로 160
은평구,,백련산로 160
은평구,,백련산로 146-30
은평구,,백련산로146
은평구,,응암로318
은평구,,은평로4길 21-9
은평구,,백련산로 134-6
은평구,,은평로6길 16
은평구,,백련산로 179
은평구,,백련산로 37
은평구,,백련산로 36
은평구,,백련산로 38
은평구,,백련산로 2길 19
은평구,,응암로18길 18-9
은평구,,백련산로 127
은평구,,백련산로6
은평구,,은평로105
은평구,,백련산로2길 35
은평구,,백련산로 100
은평구,,응암로 142-32
은평구,,가좌로 7나길 30
은평구,,가좌로 7나길 35
은평구,,가좌로5길 5
은평구,,불광천길 410-17
은평구,,증산로221
은평구,,증산서길20
은평구,,증산로13길44-5
은평구,,증산서길 79
은평구,,증산로3길 26-1
은평구,,증산로1길 26
은평구,,증산로285
은평구,,증산로303
은평구,,증산로333
은평구,,증산로 325
은평구,,증산서길 61
은평구,,증산서길 125-6
은평구,,증산로5길 27-30
은평구,,증산서길 89
은평구,,진관3로 15-45
은평구,,진관3로 21
은평구,,진관3로 67
은평구,,진관4로 48-8
은평구,,진관4로48-50
은평구,,진관4로 48-51
은평구,,진관4로 48-17
은평구,,진관4로 78-8
은평구,,진관4로 77
은평구,,진관4로 47
은평구,,진관4로 78-38
은평구,,진관4로 37
은평구,,진관4로 17
은평구,,진관3로 70
은평구,,진관4로 100
은평구,,진관4로 78-7
은평구,,진관4로 107
은평구,,진관4로 87
은평구,,진관1로 22
은평구,,진관1로 21-9
은평구,,진관1로 21-10
은평구,,진관1로 77-8
은평구,,진관1로 40
은평구,,연서로44길 55
은평구,,연서로44길7
은평구,,연서로46길 7
은평구,,연서로48길 12
은평구,,연서로48길 11
은평구,,연서로487
은평구,,연서로455
은평구,,진관2로 111-7
은평구,,진관2로 57-37
은평구,,진관2로 29-21
은평구,,진관2로 77
은평구,,진관2로 60
은평구,,진관2로 90
은평구,,진관1로 55
은평구,,통일로 1034
은평구,,통일로1010
은평구,,진관1로21-35
은평구,,진관2로 12
은평구,,통일로1022
은평구,,진관4로 78-16
은평구,,대서문길 42-3
은평구,,진관1로 77-23
은평구,,진관1로 21-20
은평구,,진관3로 73-17
은평구,,진관4로 36
은평구,,진관1로 77-30
은평구,,연서로 535
은평구,,진관2로 57-57
은평구,,통일로 961
은평구,,진관4로 26
은평구,,진관2로 31
은평구,,통일로 972
종로구,,자하문로 92
종로구,,자하문로36길 16-14
종로구,,자하문로33길 43
종로구,,자하문로19길 36
종로구,,필운대로 68
종로구,,자하문로24길 51
종로구,,사직로9길 1
종로구,,경희궁1길 15
종로구,,사직로8길 34
종로구,,삼청로 107
종로구,,창의문로 145
종로구,,백성동길 266
종로구,,세검정로 259
종로구,,자하문로42길 22
종로구,,자하문로 42길 50
종로구,,홍지문길 56
종로구,,세검정로 6길 104
종로구,,자하문로 312-11
종로구,,진흥로 480
종로구,,평창24길 18
종로구,,평창11길 9-1
종로구,,평창11길 21-3
종로구,,평창14길 2
종로구,,평창문화로 102-19
종로구,,평창14길 6
종로구,,평찰14길 16
종로구,,평창문화로 119
종로구,,평창문화로 42
종로구,,평찰12길 8-22
종로구,,비봉1길 22-4
종로구,,비봉4길 39
종로구,,비봉2길 32
종로구,,비봉길 15
종로구,,진흥로 438-5
종로구,,진흥로22가길 34
종로구,,평창문화로 172
종로구,,평창문화로 140
종로구,,홍지문길 64
종로구,,홍지문길 69
종로구,,평창문화로 118
종로구,,평창문화로 19
종로구,,평창12길 16-6
종로구,,평창21길 9-42
종로구,,평창문화로 65
종로구,,비봉길 14
종로구,,평창13길 40
종로구,,평창문화로 156
종로구,,통일로14길36
종로구,,통일로 246-20
종로구,,통일로 246-10
종로구,,통일로18길 9
종로구,,통일로18길 10
종로구,,통일로18길 11
종로구,,통일로18길 34
종로구,,송월길 154
종로구,,사직로1길 28-2
종로구,,사직로1가길 16
종로구,,인왕산로1길 58
종로구,,통일로8길 16
종로구,,북촌로 35
종로구,,삼일대로30길 47
종로구,,인사동길 7-1
종로구,,율곡로6길 36
종로구,,종로35길 19
종로구,,율곡로22나길 21
종로구,,충신길 27
종로구,,창경궁로16길 41
종로구,,이화장길 33
종로구,,혜화로 12
종로구,,창경궁로 288
종로구,,창경궁로 265
종로구,,혜화로3길 33
종로구,,혜화로3길 5
종로구,,성균관로5길 25-13
종로구,,혜화로 32
종로구,,창경궁로26길 40
종로구,,혜화로9길 24-9
종로구,,성균관로13길 30
종로구,,지봉로 8-6
종로구,,지봉로5길 7
종로구,,창신5라길 10
종로구,,종로44길 43
종로구,,창신길 62
종로구,,창신길 20
종로구,,지봉로13길 20-2
종로구,,동망산길 19
종로구,,낙산길 196
종로구,,지봉로13길 82
종로구,,지봉로 86
종로구,,지봉로 13길 20
종로구,,동망산길 47
종로구,,종로 347
종로구,,종로65길 10
종로구,,숭인동길 21
중구,,남대문로1길 31-5
중구,,정동 15-6
중구,,서소문로 25-2
중구,,정동길 13
중구,,서소문로9길 28
중구,,칠패로27
중구,,통일로114
중구,,퇴계로8길 101
중구,,퇴계로6길 17
중구,,퇴계로4길 52-5
중구,,퇴계로8길 82
중구,,퇴계로72
중구,,소공로35
중구,,퇴계로6가길 30-7
중구,,퇴계로20길 3
중구,,퇴계로 140
중구,,소공로 46
중구,,소공로6길 23
중구,,다동길 11
중구,,퇴계로36길 42
중구,,필동2가 19-22
중구,,필동3가 62-16
중구,,남대문로5길 37
중구,,서애로1길 34
중구,,장충단로8길 22
중구,,동호로30길 17
중구,,동호로25길 38
중구,,퇴계로 303-9
중구,,창경궁로 17
중구,,퇴계로52길 17
중구,,퇴계로 217
중구,,충무로9길 19
중구,,을지로 183
중구,,퇴계로75길 7
중구,,다산로46길 17
중구,,다산로 258
중구,,다산로33길 47
중구,,다산로31길 61
중구,,퇴계로73가길 10
중구,,퇴계로 358
중구,,청구로8길 22
중구,,동호로15길 103
중구,,동호로20길 12
중구,,동호로12길 29
중구,,다산로11길 13
중구,,동호로17길 270
중구,,다산로 56
중구,,다산로 32
중구,,동호로8가길 21
중구,,신당동 349-252
중구,,다산로6길 15
중구,,다산로8길 16-16
중구,,청구로3길 55
중구,,동호로10길 27
중구,,동호로10길 30
중구,,청구로1길 23
중구,,다산로44길 85
중구,,퇴계로78길 21
중구,,왕십리로39길 30
중구,,퇴계로88다길 19
중구,,퇴계로90길 74
중구,,왕십리로 407
중구,,왕십리로39길 19
중구,,다산로36길 100
중구,,다산로38길 31
중구,,다산로38길 66-7
중구,,다산로32길 29
중구,,다산로 42가길 27
중구,,청구로 64
중구,,다산로36길 110
중구,,다산로36길 109
중구,,다산로42나길 46
중구,,난계로11길 52
중구,,난계로17길 39
중구,,청계천로 400
중구,,난계로11길 30
중구,,난계로23길 27
중구,,퇴계로 447
중구,,난계로173
중구,,서울청파로 464
중구,,중림로 10
중구,,중림로4길 41
중구,,만리재로33길 21
중구,,만리재로 193
중구,,만리재로 185
중구,,만리재로 177
중구,,만리재로 175
중구,,만리재로27길 69
중랑구,,망우로 203
중랑구,,중랑천로 14길 34
중랑구,,망우로 223-8
중랑구,,동일로 121길 20
중랑구,,중랑역로 72
중랑구,,동일로 129길 35
중랑구,,동일로 149길 15
중랑구,,중랑역로 124
중랑구,,동일로 752
중랑구,,동일로 754
중랑구,,봉화산로 27길 32
중랑구,,동일로 136길 15
중랑구,,동일로 140길 88
중랑구,,동일로 144길 3
중랑구,,봉화산로 27길 37
중랑구,,숙선옹주로 85
중랑구,,신내로 21길 16
중랑구,,신내로 17길 83
중랑구,,신내로 17길 39
중랑구,,신내로 155
중랑구,,신내로 135
중랑구,,신내로 115
중랑구,,봉화산로 189
중랑구,,봉화산로 153
중랑구,,봉화산로 194
중랑구,,신내로 51
중랑구,,신내로 211
중랑구,,신내로 225
중랑구,,용마산로 669
중랑구,,신내로 126
중랑구,,신내로 112
중랑구,,봉화산로 233-12
중랑구,,봉화산로 221
중랑구,,봉화산로 216
중랑구,,신내로 14길 21
중랑구,,봉화산로 220
중랑구,,봉화산로 56길 112
중랑구,,봉화산로 56길 140
중랑구,,봉화산로 56길 123
중랑구,,용마산로 129 나길 101
중랑구,,용마산로 129 가길 41
중랑구,,용마산로 125길 50
중랑구,,봉화산로 56길 51
중랑구,,봉화산로 56길 73
중랑구,,용마산로 125길 92
중랑구,,용마산로 616
중랑구,,봉화산로 48길 62
중랑구,,신내로 7나길 24
중랑구,,봉화산로 130
중랑구,,상봉중앙로 8길 104
중랑구,,망우로 353
중랑구,,송림길 16
중랑구,,용마산로 117길 8
중랑구,,망우로 65길 7
중랑구,,용마산로 115길 109
중랑구,,망우로 60길 37
중랑구,,봉우재로 57길 47
중랑구,,상봉로 26길 29
중랑구,,망우동 346
중랑구,,상봉로 131
중랑구,,상봉중앙로 1길 54
중랑구,,신내로 7가길 53
중랑구,,동일로 157길 70
중랑구,,동일로 157길 59
중랑구,,묵2동 378
중랑구,,동일로 941
중랑구,,동일로 169길 41
중랑구,,중랑천로 316
중랑구,,공릉로 18길 59
중랑구,,숙선옹주로 45
중랑구,,중랑역로 279
중랑구,,숙선옹주로 9길 25
중랑구,,숙선옹주로 6-9
중랑구,,동일로 932
중랑구,,동일로 946
중랑구,,공릉로 2길 47
중랑구,,공릉로 2나길 44
중랑구,,공릉로 2라길 4
중랑구,,공릉로 2나길 32-12
중랑구,,공릉로 2라길 36
중랑구,,공릉로 13길 30
중랑구,,공릉로 2길 39
중랑구,,공릉로 32
중랑구,,신내로 277
중랑구,,겸재로 30길 42
중랑구,,사가정로 41길 59
중랑구,,겸재로 29길 27
중랑구,,사가정로 41길 9
중랑구,,면목로 37길 58
중랑구,,사가정로 42길 90
중랑구,,답십리로 77길 139
중랑구,,동일로 557
중랑구,,동일로 501
중랑구,,동일로 483
중랑구,,동일로 476
중랑구,,답십리로 75길 73
중랑구,,용마산로 285
중랑구,,용마산로 271
중랑구,,용마산로 259
중랑구,,용마산로 112가길 34
중랑구,,용마산로 94다길 21
중랑구,,용마산로 94길 101
중랑구,,용마산로 94길 91
중랑구,,용마산로 86길 9-27
중랑구,,용마산로 86길 9-14
중랑구,,용마산로 84길 9-15
중랑구,,용마산로 348
중랑구,,사가정로 71길 19
중랑구,,용마산로62길 43
중랑구,,용마산로 290
중랑구,,용마산로 278
중랑구,,용마산로 252
중랑구,,서울 용마산로 228
중랑구,,용마산로 210
중랑구,,동일로 109가길 5
중랑구,,망우로 26길 43
중랑구,,중랑천로 43
중랑구,,중랑천로 14
중랑구,,봉우재로 6길 19
중랑구,,동일로 101길 63
중랑구,,중랑천로 8
중랑구,,신내로역1길 85
중랑구,,신내역로 165
중랑구,,신내역로 1길 142
중랑구,,신내역로 160
중랑구,,신내로16길 33
중랑구,,신내동 63-10
중랑구,,송림길 124
중랑구,,양원역로 53
중랑구,,양원역로 49
중랑구,,양원역로 37
중랑구,,망우로 81길 27
중랑구,,망우로 75길 19
중랑구,,양원역로 18
중랑구,,양원역로 6가길 19
중랑구,,망우로 506
중랑구,,망우로 504-10
중랑구,,용마산로 116길 76
중랑구,,망우로 74길 58
중랑구,,망우로 76길 51
중랑구,,겸재로 48길 13
중랑구,,면목로 23길 20